{"cameraMode":{"drawMode":0,"name":"Shaded","section":"Shading Mode"},"sceneLighting":true,"audioPlay":false,"sceneViewState":{"showFog":true,"showMaterialUpdate":false,"showSkybox":true,"showFlares":true,"showImageEffects":true,"showParticleSystems":true},"in2DMode":false,"pivot":{"x":22.75729751586914,"y":93.41735076904297,"z":-238.43507385253907},"rotation":{"x":0.005997960921376944,"y":0.029716921970248224,"z":0.000163773845997639,"w":-0.9995504021644592},"size":14.760187149047852,"orthographic":false}